locus	organism	source	kept	interpro_entries
AT1G01030	arabidopsis_thaliana	region:1:1	false	IPR003340,IPR015300,IPR044800
AT1G01335	arabidopsis_thaliana	region:1:1	undecided	call failed: InterPro entry/protein → HTTP 204:
AT1G02430	arabidopsis_thaliana	region:1:1	false	IPR006689,IPR024156,IPR027417
AT1G02440	arabidopsis_thaliana	region:1:1	false	IPR006689,IPR024156,IPR027417
AT1G05615	arabidopsis_thaliana	region:1:1	false	IPR003340,IPR005508,IPR015300
AT1G05920	arabidopsis_thaliana	region:1:1	false	IPR003340,IPR005508,IPR015300
AT1G05930	arabidopsis_thaliana	region:1:1	false	IPR003340,IPR005508,IPR015300
AT1G08680	arabidopsis_thaliana	region:1:1	false	IPR001164,IPR037278,IPR038508,IPR044820
AT1G08985	arabidopsis_thaliana	region:1:1	false	IPR003340,IPR015300,IPR051442
AT1G10455	arabidopsis_thaliana	region:1:1	false	IPR003340,IPR015300,IPR051442
AT1G10630	arabidopsis_thaliana	region:1:1	false	IPR005225,IPR006689,IPR024156,IPR027417,IPR045872
AT1G10870	arabidopsis_thaliana	region:1:1	false	IPR001164,IPR001849,IPR002110,IPR004148,IPR011993,IPR027267,IPR035670,IPR036770,IPR037278,IPR038508,IPR045258
AT1G12820	arabidopsis_thaliana	region:1:4000001	false	IPR001611,IPR001810,IPR032675,IPR041101,IPR041567
AT1G13930	arabidopsis_thaliana	region:1:4000001	false	IPR040294
AT1G16330	arabidopsis_thaliana	region:1:4000001	false	IPR004367,IPR006671,IPR013763,IPR036915,IPR039361,IPR046965,IPR048258
AT1G16510	arabidopsis_thaliana	region:1:4000001	false	IPR003676
AT1G16640	arabidopsis_thaliana	region:1:4000001	false	IPR003340,IPR015300,IPR050655
AT1G17345	arabidopsis_thaliana	region:1:4000001	false	IPR003676
AT1G19220	arabidopsis_thaliana	region:1:4000001	true	IPR003340,IPR010525,IPR015300,IPR033389,IPR044835,IPR053793
AT1G19830	arabidopsis_thaliana	region:1:4000001	false	IPR003676
AT1G19840	arabidopsis_thaliana	region:1:4000001	false	IPR003676
AT1G19850	arabidopsis_thaliana	seed	true	IPR003340,IPR010525,IPR015300,IPR033389,IPR044835,IPR053793
AT1G20470	arabidopsis_thaliana	region:1:4000001	false	IPR003676
AT1G20600	arabidopsis_thaliana	region:1:4000001	false	IPR003340,IPR005508,IPR015300
AT1G20696	arabidopsis_thaliana	region:1:4000001	false	IPR009071,IPR031061,IPR036910
AT1G20925	arabidopsis_thaliana	region:1:4000001	false	IPR004776,IPR045033
AT1G23080	arabidopsis_thaliana	region:1:8000001	false	IPR004776,IPR014024,IPR051107
AT1G23160	arabidopsis_thaliana	region:1:8000001	false	IPR004993,IPR055377,IPR055378
AT1G23490	arabidopsis_thaliana	region:1:8000001	false	IPR005225,IPR006689,IPR024156,IPR027417,IPR045872
AT1G25560	arabidopsis_thaliana	region:1:8000001	false	IPR001471,IPR003340,IPR015300,IPR016177,IPR036955,IPR044800
AT1G26680	arabidopsis_thaliana	region:1:8000001	false	IPR003340,IPR015300,IPR039218
AT1G28130	arabidopsis_thaliana	region:1:8000001	false	IPR004993,IPR055377,IPR055378
AT1G28300	arabidopsis_thaliana	region:1:8000001	false	IPR003340,IPR015300,IPR044800
AT1G29420	arabidopsis_thaliana	region:1:10000001	false	IPR003676
AT1G29430	arabidopsis_thaliana	region:1:10000001	false	IPR003676
AT1G29440	arabidopsis_thaliana	region:1:10000001	false	IPR003676
AT1G29450	arabidopsis_thaliana	region:1:10000001	false	IPR003676
AT1G29460	arabidopsis_thaliana	region:1:10000001	false	IPR003676
AT1G29490	arabidopsis_thaliana	region:1:10000001	false	IPR003676
AT1G29500	arabidopsis_thaliana	region:1:10000001	false	IPR003676
AT1G29510	arabidopsis_thaliana	region:1:10000001	false	IPR003676
AT1G30330	arabidopsis_thaliana	region:1:10000001	true	IPR003340,IPR010525,IPR015300,IPR033389,IPR044835,IPR053793
AT1G32030	arabidopsis_thaliana	region:1:10000001	false	IPR003340,IPR005508,IPR015300
AT1G33410	arabidopsis_thaliana	region:1:12000001	false	IPR021717,IPR035192,IPR036322,IPR056535,IPR056536,IPR059141
AT1G34170	arabidopsis_thaliana	region:1:12000001	true	IPR003340,IPR010525,IPR015300,IPR033389,IPR044835,IPR053793
AT1G34310	arabidopsis_thaliana	region:1:12000001	true	IPR003340,IPR010525,IPR015300,IPR033389,IPR044835,IPR053793
AT1G34390	arabidopsis_thaliana	region:1:12000001	true	IPR003340,IPR010525,IPR015300,IPR033389,IPR044835,IPR053793
AT1G34410	arabidopsis_thaliana	region:1:12000001	true	IPR003340,IPR010525,IPR015300,IPR033389,IPR044835,IPR053793
AT1G35240	arabidopsis_thaliana	region:1:12000001	true	IPR003340,IPR010525,IPR015300,IPR033389,IPR044835,IPR053793
AT1G35520	arabidopsis_thaliana	region:1:12000001	true	IPR003340,IPR010525,IPR015300,IPR033389,IPR044835,IPR053793
AT1G35540	arabidopsis_thaliana	region:1:12000001	true	IPR003340,IPR010525,IPR015300,IPR033389,IPR044835,IPR053793
AT1G43040	arabidopsis_thaliana	region:1:16000001	false	IPR003676
AT1G43171	arabidopsis_thaliana	region:1:16000001	false	IPR003340,IPR015300,IPR051442
AT1G43950	arabidopsis_thaliana	region:1:16000001	false	IPR003340,IPR015300,IPR044835
AT1G48660	arabidopsis_thaliana	region:1:17000001	false	IPR004993,IPR055377,IPR055378
AT1G48670	arabidopsis_thaliana	region:1:17000001	false	IPR004993,IPR055377,IPR055378
AT1G48690	arabidopsis_thaliana	region:1:18000001	false	IPR004993
AT1G49475	arabidopsis_thaliana	region:1:18000001	false	IPR003340,IPR015300,IPR050655
AT1G50220	arabidopsis_thaliana	region:1:18000001	false	IPR003340,IPR015300,IPR051442
AT1G50680	arabidopsis_thaliana	region:1:18000001	false	IPR001471,IPR003340,IPR015300,IPR016177,IPR036955,IPR044800
AT1G51120	arabidopsis_thaliana	region:1:18000001	false	IPR001471,IPR003340,IPR015300,IPR016177,IPR036955,IPR044800
AT1G51970	arabidopsis_thaliana	region:1:19000001	false	IPR003340,IPR015300,IPR051442
AT1G54070	arabidopsis_thaliana	region:1:20000001	false	IPR008406
AT1G56150	arabidopsis_thaliana	region:1:21000001	false	IPR003676
AT1G56220	arabidopsis_thaliana	region:1:21000001	false	IPR008406
AT1G59500	arabidopsis_thaliana	region:1:21000001	false	IPR004993,IPR055377,IPR055378
AT1G59750	arabidopsis_thaliana	seed	true	IPR003340,IPR010525,IPR015300,IPR033389,IPR044835,IPR053793
AT1G60860	arabidopsis_thaliana	region:1:22000001	false	IPR001164,IPR001849,IPR002110,IPR004148,IPR011993,IPR027267,IPR035670,IPR036770,IPR037278,IPR038508,IPR045258
AT1G64090	arabidopsis_thaliana	region:1:23000001	false	IPR003388,IPR045064
AT1G67035	arabidopsis_thaliana	region:1:25000001	false	IPR065374
AT1G70490	arabidopsis_thaliana	region:1:26000001	false	IPR005225,IPR006689,IPR024156,IPR027417,IPR045872
AT1G70940	arabidopsis_thaliana	region:1:26000001	false	IPR004776,IPR014024,IPR051107
AT1G71090	arabidopsis_thaliana	region:1:26000001	false	IPR004776,IPR039305
AT1G72430	arabidopsis_thaliana	region:1:27000001	false	IPR003676
AT1G73590	arabidopsis_thaliana	region:1:27000001	false	IPR004776,IPR014024,IPR051107
AT1G75310	arabidopsis_thaliana	region:1:28000001	false	IPR001623,IPR036869
AT1G75580	arabidopsis_thaliana	region:1:28000001	false	IPR003676
AT1G75590	arabidopsis_thaliana	region:1:28000001	false	IPR003676
AT1G76190	arabidopsis_thaliana	region:1:28000001	false	IPR003676
AT1G76520	arabidopsis_thaliana	region:1:28000001	false	IPR004776,IPR045033
AT1G76530	arabidopsis_thaliana	region:1:28000001	false	IPR004776,IPR045033
AT1G77110	arabidopsis_thaliana	region:1:28000001	false	IPR004776,IPR014024,IPR051107
AT1G77850	arabidopsis_thaliana	paralog:AT2G28350	true	IPR003340,IPR010525,IPR015300,IPR044835
AT1G78635	arabidopsis_thaliana	region:1:29000001	false	IPR003340,IPR015300,IPR051442
AT1G78640	arabidopsis_thaliana	region:1:29000001	false	IPR003340,IPR015300,IPR051442
AT1G79130	arabidopsis_thaliana	region:1:29000001	false	IPR003676
AT1G80680	arabidopsis_thaliana	region:1:30000001	false	IPR007230,IPR021967,IPR036903,IPR037665
AT2G01420	arabidopsis_thaliana	region:2:1	false	IPR004776,IPR014024,IPR051107
AT2G04850	arabidopsis_thaliana	region:2:1	false	IPR005018,IPR006593,IPR017214,IPR045265,IPR065467
AT2G13985	arabidopsis_thaliana	region:2:4000001	false	IPR003340,IPR015300,IPR039218
AT2G14960	arabidopsis_thaliana	region:2:4000001	false	IPR004993,IPR055377,IPR055378
AT2G15310	arabidopsis_thaliana	region:2:4000001	false	IPR005225,IPR006689,IPR024156,IPR027417
AT2G16210	arabidopsis_thaliana	region:2:4000001	false	IPR003340,IPR015300,IPR050655
AT2G16580	arabidopsis_thaliana	region:2:4000001	false	IPR003676
AT2G17500	arabidopsis_thaliana	region:2:4000001	false	IPR004776,IPR045033
AT2G18010	arabidopsis_thaliana	region:2:4000001	false	IPR003676
AT2G18810	arabidopsis_thaliana	region:2:8000001	false	IPR003340,IPR005508,IPR015300
AT2G21200	arabidopsis_thaliana	region:2:8000001	false	IPR003676
AT2G21210	arabidopsis_thaliana	region:2:8000001	false	IPR003676
AT2G21220	arabidopsis_thaliana	region:2:8000001	false	IPR003676
AT2G23170	arabidopsis_thaliana	region:2:8000001	false	IPR004993,IPR055377,IPR055378
AT2G24400	arabidopsis_thaliana	region:2:8000001	false	IPR003676
AT2G24645	arabidopsis_thaliana	region:2:8000001	false	IPR003340,IPR015300,IPR039218
AT2G24650	arabidopsis_thaliana	region:2:8000001	false	IPR003340,IPR015300,IPR039218
AT2G24670	arabidopsis_thaliana	region:2:8000001	false	IPR003340,IPR005508,IPR015300
AT2G24680	arabidopsis_thaliana	region:2:8000001	false	IPR003340,IPR015300,IPR039218
AT2G24681	arabidopsis_thaliana	region:2:8000001	false	IPR003340,IPR015300,IPR039218
AT2G24690	arabidopsis_thaliana	region:2:8000001	false	IPR003340,IPR015300,IPR039218
AT2G24696	arabidopsis_thaliana	region:2:8000001	false	IPR003340,IPR015300,IPR039218
AT2G24700	arabidopsis_thaliana	region:2:8000001	false	IPR003340,IPR015300,IPR039218
AT2G24765	arabidopsis_thaliana	region:2:8000001	false	IPR005225,IPR006689,IPR024156,IPR027417
AT2G27410	arabidopsis_thaliana	region:2:8000001	false	IPR003340,IPR005508,IPR015300
AT2G28085	arabidopsis_thaliana	region:2:8000001	false	IPR003676
AT2G28350	arabidopsis_thaliana	seed	true	IPR003340,IPR010525,IPR015300,IPR044835,IPR053793
AT2G30470	arabidopsis_thaliana	region:2:12000001	false	IPR003340,IPR011124,IPR015300,IPR057743
AT2G31420	arabidopsis_thaliana	region:2:12000001	false	IPR003340,IPR005508,IPR015300
AT2G31460	arabidopsis_thaliana	region:2:12000001	false	IPR003340,IPR005508,IPR015300
AT2G31720	arabidopsis_thaliana	region:2:12000001	false	IPR003340,IPR005508,IPR015300
AT2G31862	arabidopsis_thaliana	region:2:12000001	false	IPR003340,IPR005508,IPR015300
AT2G32530	arabidopsis_thaliana	region:2:12000001	false	IPR005150,IPR029044
AT2G32645	arabidopsis_thaliana	region:2:12000001	false	IPR003340,IPR005508,IPR015300
AT2G32905	arabidopsis_thaliana	region:2:12000001	false	IPR003340,IPR005508
AT2G33310	arabidopsis_thaliana	region:2:12000001	false	IPR003311,IPR033389,IPR053793
AT2G33720	arabidopsis_thaliana	region:2:12000001	false	IPR003340,IPR015300,IPR051442,IPR062386
AT2G33830	arabidopsis_thaliana	region:2:12000001	false	IPR008406
AT2G33860	arabidopsis_thaliana	region:2:12000001	true	IPR003340,IPR010525,IPR015300,IPR044835
AT2G35210	arabidopsis_thaliana	region:2:12000001	false	IPR001164,IPR037278,IPR038508
AT2G35310	arabidopsis_thaliana	region:2:12000001	false	IPR003340,IPR015300,IPR050655
AT2G36080	arabidopsis_thaliana	region:2:12000001	false	IPR003340,IPR015300,IPR044800
AT2G36210	arabidopsis_thaliana	region:2:12000001	false	IPR003676
AT2G36920	arabidopsis_thaliana	region:2:12000001	undecided	call failed: InterPro entry/protein → HTTP 204:
AT2G37030	arabidopsis_thaliana	region:2:12000001	false	IPR003676
AT2G37550	arabidopsis_thaliana	region:2:12000001	false	IPR001164,IPR037278,IPR038508,IPR044519
AT2G41690	arabidopsis_thaliana	region:2:16000001	false	IPR000232,IPR036388,IPR036390
AT2G45210	arabidopsis_thaliana	region:2:16000001	false	IPR003676
AT2G46370	arabidopsis_thaliana	region:2:16000001	false	IPR004993,IPR055377,IPR055378
AT2G46530	arabidopsis_thaliana	region:2:16000001	true	IPR003340,IPR010525,IPR015300,IPR033389,IPR044835,IPR053793
AT2G46690	arabidopsis_thaliana	region:2:16000001	false	IPR003676
AT2G46870	arabidopsis_thaliana	region:2:16000001	false	IPR003340,IPR015300,IPR044800
AT2G47170	arabidopsis_thaliana	region:2:16000001	false	IPR005225,IPR006689,IPR024156,IPR027417,IPR045872
AT3G02260	arabidopsis_thaliana	region:3:1	false	IPR000433,IPR003126,IPR011989,IPR016024,IPR025704,IPR036322,IPR043145,IPR045189,IPR056530,IPR063252,IPR063851
AT3G03120	arabidopsis_thaliana	region:3:1	false	IPR005225,IPR006689,IPR024156,IPR027417
AT3G03820	arabidopsis_thaliana	region:3:1	false	IPR003676
AT3G03830	arabidopsis_thaliana	region:3:1	false	IPR003676
AT3G03840	arabidopsis_thaliana	region:3:1	false	IPR003676
AT3G03847	arabidopsis_thaliana	region:3:1	false	IPR003676
AT3G03850	arabidopsis_thaliana	region:3:1	false	IPR003676
AT3G06160	arabidopsis_thaliana	region:3:1	false	IPR003340,IPR015300,IPR050655
AT3G06220	arabidopsis_thaliana	region:3:1	false	IPR003340,IPR015300,IPR050655
AT3G07390	arabidopsis_thaliana	region:3:1	false	IPR005018,IPR045265,IPR065467
AT3G07490	arabidopsis_thaliana	region:3:1	false	IPR002048,IPR011992,IPR018247,IPR039647
AT3G07940	arabidopsis_thaliana	region:3:1	false	IPR000008,IPR001164,IPR035892,IPR037278,IPR038508,IPR044518
AT3G09870	arabidopsis_thaliana	region:3:1	false	IPR003676
AT3G11580	arabidopsis_thaliana	region:3:1	false	IPR003340,IPR015300,IPR044800
AT3G12830	arabidopsis_thaliana	region:3:4000001	false	IPR003676
AT3G12955	arabidopsis_thaliana	region:3:4000001	false	IPR003676
AT3G17010	arabidopsis_thaliana	region:3:4000001	false	IPR003340,IPR015300,IPR039218
AT3G17660	arabidopsis_thaliana	region:3:4000001	false	IPR001164,IPR037278,IPR038508,IPR044520
AT3G18960	arabidopsis_thaliana	region:3:4000001	false	IPR003340,IPR015300,IPR050655
AT3G18990	arabidopsis_thaliana	region:3:4000001	false	IPR003340,IPR015300,IPR050655
AT3G19184	arabidopsis_thaliana	region:3:4000001	false	IPR003340,IPR015300,IPR044837
AT3G20220	arabidopsis_thaliana	region:3:4000001	false	IPR003676
AT3G22810	arabidopsis_thaliana	region:3:8000001	false	IPR008546,IPR013666,IPR040269
AT3G22950	arabidopsis_thaliana	region:3:8000001	false	IPR005225,IPR006689,IPR024156,IPR027417
AT3G24650	arabidopsis_thaliana	region:3:8000001	false	IPR003340,IPR015300,IPR044800
AT3G24850	arabidopsis_thaliana	region:3:8000001	false	IPR003340,IPR005508,IPR015300
AT3G25290	arabidopsis_thaliana	region:3:8000001	false	IPR005018,IPR006593,IPR017214,IPR045265,IPR065467
AT3G26790	arabidopsis_thaliana	region:3:8000001	false	IPR003340,IPR015300,IPR044800
AT3G26810	arabidopsis_thaliana	region:3:8000001	false	IPR001611,IPR001810,IPR006553,IPR032675,IPR041101,IPR041567
AT3G28853	arabidopsis_thaliana	region:3:8000001	false	IPR003340,IPR015300,IPR051442
AT3G43120	arabidopsis_thaliana	region:3:12000001	false	IPR003676
AT3G46770	arabidopsis_thaliana	region:3:16000001	false	IPR003340,IPR015300,IPR050655
AT3G49610	arabidopsis_thaliana	region:3:16000001	false	IPR003340,IPR005508,IPR015300
AT3G51200	arabidopsis_thaliana	region:3:16000001	false	IPR003676
AT3G53250	arabidopsis_thaliana	region:3:16000001	false	IPR003676
AT3G53310	arabidopsis_thaliana	region:3:16000001	false	IPR003340,IPR015300,IPR050655
AT3G53710	arabidopsis_thaliana	region:3:16000001	false	IPR001164,IPR037278,IPR038508,IPR044519
AT3G59900	arabidopsis_thaliana	region:3:20000001	false	IPR037468
AT3G60690	arabidopsis_thaliana	region:3:20000001	false	IPR003676
AT3G61570	arabidopsis_thaliana	region:3:20000001	false	none
AT3G61830	arabidopsis_thaliana	region:3:20000001	true	IPR003340,IPR010525,IPR015300,IPR033389,IPR044835,IPR053793
AT3G61840	arabidopsis_thaliana	region:3:20000001	false	IPR007789
AT3G61900	arabidopsis_thaliana	region:3:20000001	false	IPR003676
AT3G61970	arabidopsis_thaliana	region:3:20000001	false	IPR003340,IPR015300,IPR044800
AT3G62290	arabidopsis_thaliana	region:3:20000001	false	IPR006689,IPR024156,IPR027417
AT4G00260	arabidopsis_thaliana	region:4:1	false	IPR003340,IPR015300,IPR039218
AT4G00880	arabidopsis_thaliana	region:4:1	false	IPR003676
AT4G01500	arabidopsis_thaliana	region:4:1	false	IPR003340,IPR015300,IPR044800
AT4G01580	arabidopsis_thaliana	region:4:1	false	IPR003340,IPR015300,IPR050655
AT4G02870	arabidopsis_thaliana	region:4:1	false	IPR003340,IPR015300,IPR051442
AT4G02980	arabidopsis_thaliana	region:4:1	false	IPR000526,IPR011051,IPR014710
AT4G03160	arabidopsis_thaliana	region:4:1	false	IPR003340,IPR005508,IPR015300
AT4G03170	arabidopsis_thaliana	region:4:1	false	IPR003340,IPR005508,IPR015300
AT4G03400	arabidopsis_thaliana	region:4:1	false	IPR004993,IPR055377,IPR055378
AT4G04800	arabidopsis_thaliana	region:4:1	false	IPR002579,IPR011057,IPR028427
AT4G05330	arabidopsis_thaliana	region:4:1	false	IPR000008,IPR001164,IPR035892,IPR037278,IPR038508,IPR044518
AT4G05630	arabidopsis_thaliana	region:4:1	false	IPR003340,IPR015300,IPR051442
AT4G09530	arabidopsis_thaliana	region:4:4000001	false	IPR003676
AT4G12410	arabidopsis_thaliana	region:4:4000001	false	IPR003676
AT4G12550	arabidopsis_thaliana	region:4:4000001	false	IPR016140,IPR027923,IPR036312,IPR051636
AT4G12617	arabidopsis_thaliana	region:4:4000001	false	IPR003340,IPR015300,IPR051442
AT4G12980	arabidopsis_thaliana	region:4:4000001	false	IPR005018,IPR006593,IPR017214,IPR045265,IPR065467
AT4G13790	arabidopsis_thaliana	region:4:4000001	false	IPR003676
AT4G14540	arabidopsis_thaliana	region:4:8000001	false	IPR003956,IPR003958,IPR009072,IPR027113
AT4G14740	arabidopsis_thaliana	region:4:8000001	false	IPR008546,IPR013666,IPR040269
AT4G16670	arabidopsis_thaliana	region:4:8000001	false	IPR008546,IPR013666,IPR040269
AT4G17280	arabidopsis_thaliana	region:4:8000001	false	IPR005018,IPR006593,IPR017214,IPR045265,IPR065467
AT4G17350	arabidopsis_thaliana	region:4:8000001	false	IPR001849,IPR008546,IPR013666,IPR040269
AT4G17890	arabidopsis_thaliana	region:4:8000001	false	IPR001164,IPR037278,IPR038508
AT4G21160	arabidopsis_thaliana	region:4:8000001	false	IPR000008,IPR001164,IPR035892,IPR037278,IPR038508,IPR044518
AT4G21490	arabidopsis_thaliana	region:4:8000001	false	IPR002048,IPR011992,IPR023753,IPR036188,IPR045024,IPR054585
AT4G22620	arabidopsis_thaliana	region:4:8000001	false	IPR003676
AT4G23980	arabidopsis_thaliana	region:4:12000001	true	IPR003340,IPR010525,IPR015300,IPR033389,IPR044835,IPR053793
AT4G27260	arabidopsis_thaliana	region:4:12000001	false	IPR004993,IPR055377,IPR055378
AT4G28250	arabidopsis_thaliana	region:4:12000001	false	IPR005795,IPR007112,IPR007117,IPR007118,IPR009009,IPR036749,IPR036908
AT4G30080	arabidopsis_thaliana	paralog:AT2G28350	true	IPR003340,IPR010525,IPR015300,IPR044835,IPR053793
AT4G31320	arabidopsis_thaliana	region:4:12000001	false	IPR003676
AT4G31610	arabidopsis_thaliana	region:4:12000001	false	IPR003340,IPR015300,IPR039218
AT4G31615	arabidopsis_thaliana	region:4:12000001	false	IPR003340,IPR015300,IPR039218
AT4G31620	arabidopsis_thaliana	region:4:12000001	false	IPR003340,IPR015300,IPR039218
AT4G31630	arabidopsis_thaliana	region:4:12000001	false	IPR003340,IPR015300,IPR039218
AT4G31640	arabidopsis_thaliana	region:4:12000001	false	IPR003340,IPR015300,IPR039218
AT4G31650	arabidopsis_thaliana	region:4:12000001	false	IPR003340,IPR015300,IPR039218
AT4G31660	arabidopsis_thaliana	region:4:12000001	false	IPR003340,IPR015300,IPR039218
AT4G31680	arabidopsis_thaliana	region:4:12000001	false	IPR003340,IPR015300,IPR039218
AT4G31685	arabidopsis_thaliana	region:4:12000001	false	IPR003340,IPR015300
AT4G31690	arabidopsis_thaliana	region:4:12000001	false	IPR003340,IPR015300,IPR039218
AT4G32630	arabidopsis_thaliana	region:4:12000001	false	IPR001164,IPR037278,IPR038508,IPR044820
AT4G33280	arabidopsis_thaliana	region:4:16000001	false	IPR003340,IPR015300,IPR044837
AT4G34400	arabidopsis_thaliana	region:4:16000001	false	IPR003340,IPR015300,IPR050655
AT4G34750	arabidopsis_thaliana	region:4:16000001	false	IPR003676
AT4G34760	arabidopsis_thaliana	region:4:16000001	false	IPR003676
AT4G34770	arabidopsis_thaliana	region:4:16000001	false	IPR003676
AT4G34780	arabidopsis_thaliana	region:4:16000001	false	IPR003676
AT4G34790	arabidopsis_thaliana	region:4:16000001	false	IPR003676
AT4G34800	arabidopsis_thaliana	region:4:16000001	false	IPR003676
AT4G34810	arabidopsis_thaliana	region:4:16000001	false	IPR003676
AT4G36110	arabidopsis_thaliana	region:4:16000001	false	IPR003676
AT4G37390	arabidopsis_thaliana	region:4:16000001	false	IPR004993,IPR055377,IPR055378
AT4G38825	arabidopsis_thaliana	region:4:16000001	false	IPR003676
AT4G38840	arabidopsis_thaliana	region:4:16000001	false	IPR003676
AT4G38850	arabidopsis_thaliana	region:4:16000001	false	IPR003676
AT4G38860	arabidopsis_thaliana	region:4:16000001	false	IPR003676
AT5G01990	arabidopsis_thaliana	region:5:1	false	IPR004776,IPR039305
AT5G03310	arabidopsis_thaliana	region:5:1	false	IPR003676
AT5G04110	arabidopsis_thaliana	region:5:1	false	IPR000565,IPR000949,IPR001005,IPR001241,IPR013506,IPR014721,IPR020568
AT5G05380	arabidopsis_thaliana	region:5:1	false	IPR004895
AT5G06250	arabidopsis_thaliana	region:5:1	false	IPR003340,IPR015300,IPR044800
AT5G09780	arabidopsis_thaliana	region:5:1	false	IPR003340,IPR015300,IPR050655
AT5G10990	arabidopsis_thaliana	region:5:1	false	IPR003676
AT5G13300	arabidopsis_thaliana	region:5:4000001	false	IPR001164,IPR001849,IPR002110,IPR004148,IPR011993,IPR027267,IPR035670,IPR036770,IPR037278,IPR038508,IPR045258
AT5G13320	arabidopsis_thaliana	region:5:4000001	false	IPR004993,IPR055377,IPR055378
AT5G13350	arabidopsis_thaliana	region:5:4000001	false	IPR004993,IPR055377,IPR055378
AT5G13360	arabidopsis_thaliana	region:5:4000001	false	IPR004993,IPR055377,IPR055378
AT5G13370	arabidopsis_thaliana	region:5:4000001	false	IPR004993,IPR055377,IPR055378
AT5G13380	arabidopsis_thaliana	region:5:4000001	false	IPR004993,IPR055377,IPR055378
AT5G14670	arabidopsis_thaliana	region:5:4000001	false	IPR005225,IPR006689,IPR024156,IPR027417,IPR045872
AT5G15100	arabidopsis_thaliana	region:5:4000001	false	IPR004776,IPR014024,IPR051107
AT5G15450	arabidopsis_thaliana	region:5:4000001	false	IPR001270,IPR003593,IPR003959,IPR004176,IPR017730,IPR018368,IPR019489,IPR027417,IPR028299,IPR036628,IPR041546,IPR050130
AT5G16530	arabidopsis_thaliana	region:5:4000001	false	IPR004776,IPR014024,IPR051107
AT5G17060	arabidopsis_thaliana	region:5:4000001	false	IPR005225,IPR006689,IPR024156,IPR027417,IPR045872
AT5G18010	arabidopsis_thaliana	region:5:4000001	false	IPR003676
AT5G18020	arabidopsis_thaliana	region:5:4000001	false	IPR003676
AT5G18030	arabidopsis_thaliana	region:5:4000001	false	IPR003676
AT5G18050	arabidopsis_thaliana	region:5:4000001	false	IPR003676
AT5G18060	arabidopsis_thaliana	region:5:4000001	false	IPR003676
AT5G18080	arabidopsis_thaliana	region:5:4000001	false	IPR003676
AT5G18090	arabidopsis_thaliana	region:5:4000001	false	IPR003340,IPR015300,IPR039218
AT5G20730	arabidopsis_thaliana	region:5:4000001	true	IPR003340,IPR010525,IPR015300,IPR033389,IPR044835,IPR053793
AT5G20810	arabidopsis_thaliana	region:5:4000001	false	IPR003676
AT5G20820	arabidopsis_thaliana	region:5:4000001	false	IPR003676
AT5G24050	arabidopsis_thaliana	region:5:8000001	false	IPR003340,IPR005508,IPR015300
AT5G25470	arabidopsis_thaliana	region:5:8000001	false	IPR003340,IPR015300,IPR050655
AT5G25475	arabidopsis_thaliana	region:5:8000001	false	IPR003340,IPR015300,IPR050655
AT5G26805	arabidopsis_thaliana	region:5:8000001	false	IPR003340,IPR015300,IPR051442,IPR062761
AT5G27780	arabidopsis_thaliana	region:5:8000001	false	IPR003676
AT5G32460	arabidopsis_thaliana	region:5:12000001	false	IPR003340,IPR015300,IPR039218
AT5G35735	arabidopsis_thaliana	region:5:12000001	false	IPR005018,IPR006593,IPR017214,IPR045265,IPR065467
AT5G37020	arabidopsis_thaliana	region:5:12000001	true	IPR003340,IPR010525,IPR015300,IPR044835,IPR053793
AT5G38300	arabidopsis_thaliana	region:5:12000001	false	IPR065374
AT5G38490	arabidopsis_thaliana	region:5:12000001	false	IPR003340,IPR005508,IPR015300
AT5G38500	arabidopsis_thaliana	region:5:12000001	false	IPR003340,IPR005508,IPR015300
AT5G42410	arabidopsis_thaliana	region:5:16000001	false	IPR003676
AT5G42700	arabidopsis_thaliana	region:5:16000001	false	IPR003340,IPR015300,IPR044837
AT5G43870	arabidopsis_thaliana	region:5:16000001	false	IPR008546,IPR013666,IPR040269
AT5G44300	arabidopsis_thaliana	region:5:16000001	false	IPR008406
AT5G46750	arabidopsis_thaliana	region:5:16000001	false	IPR001164,IPR037278,IPR038508
AT5G46915	arabidopsis_thaliana	region:5:16000001	false	IPR015300,IPR044837
AT5G47440	arabidopsis_thaliana	region:5:16000001	false	IPR001849,IPR008546,IPR013666,IPR040269
AT5G47530	arabidopsis_thaliana	region:5:16000001	false	IPR005018,IPR006593,IPR017214,IPR045265,IPR065467
AT5G49980	arabidopsis_thaliana	region:5:20000001	false	IPR006553,IPR032675,IPR036047,IPR041101,IPR041567
AT5G50760	arabidopsis_thaliana	region:5:20000001	false	IPR003676
AT5G51470	arabidopsis_thaliana	region:5:20000001	false	IPR004993,IPR055377,IPR055378
AT5G53590	arabidopsis_thaliana	region:5:20000001	false	IPR003676
AT5G54067	arabidopsis_thaliana	region:5:20000001	false	IPR003340,IPR015300,IPR051442
AT5G54310	arabidopsis_thaliana	region:5:20000001	false	IPR001164,IPR037278,IPR038508,IPR044520
AT5G54510	arabidopsis_thaliana	region:5:20000001	false	IPR004993,IPR055377,IPR055378
AT5G57090	arabidopsis_thaliana	region:5:20000001	false	IPR004776,IPR014024,IPR051107
AT5G57720	arabidopsis_thaliana	region:5:20000001	false	IPR003340,IPR015300,IPR050655
AT5G57770	arabidopsis_thaliana	region:5:20000001	false	IPR008546,IPR013666,IPR040269
AT5G58280	arabidopsis_thaliana	region:5:20000001	false	IPR003340,IPR015300,IPR044837
AT5G60130	arabidopsis_thaliana	region:5:24000001	false	IPR003340,IPR015300,IPR050655
AT5G60140	arabidopsis_thaliana	region:5:24000001	false	IPR003340,IPR015300,IPR050655
AT5G60142	arabidopsis_thaliana	region:5:24000001	false	IPR003340,IPR015300,IPR050655
AT5G60450	arabidopsis_thaliana	region:5:24000001	true	IPR003340,IPR010525,IPR015300,IPR044835,IPR053793
AT5G61980	arabidopsis_thaliana	region:5:24000001	false	IPR001164,IPR001849,IPR002110,IPR004148,IPR011993,IPR027267,IPR035670,IPR036770,IPR037278,IPR038508,IPR045258
AT5G62000	arabidopsis_thaliana	region:5:24000001	true	IPR003340,IPR010525,IPR015300,IPR033389,IPR044835,IPR053793
AT5G65980	arabidopsis_thaliana	region:5:24000001	false	IPR004776,IPR045033
AT5G66260	arabidopsis_thaliana	region:5:24000001	false	IPR003676
AT5G66980	arabidopsis_thaliana	region:5:24000001	false	IPR003340,IPR015300,IPR050655
ATMG00940	arabidopsis_thaliana	paralog:AT2G28350	true	IPR010525,IPR044835
Os01g0236300	oryza_sativa	gramene_homologs:AT1G34170	true	IPR003340,IPR010525,IPR015300,IPR033389,IPR044835,IPR053793
Os02g0141100	oryza_sativa	paralog:Os06g0196700	true	IPR003340,IPR010525,IPR015300,IPR033389,IPR044835,IPR053793
Os04g0671900	oryza_sativa	gramene_homologs:AT5G37020	true	IPR003340,IPR010525,IPR015300,IPR033389,IPR044835,IPR053793
Os06g0196700	oryza_sativa	gramene_homologs:AT1G19220	true	IPR003340,IPR010525,IPR015300,IPR033389,IPR044835,IPR053793
Os08g0520500	oryza_sativa	paralog:Os06g0196700	true	IPR003340,IPR010525,IPR015300,IPR033389,IPR044835,IPR053793
Os08g0520550	oryza_sativa	paralog:Os06g0196700	true	IPR003340,IPR010525,IPR015300,IPR044835
TraesCS2A02G547800	triticum_aestivum	gramene_homologs:AT5G37020	undecided	call failed: [NotFoundError] UniProt has no entry for gene=TraesCS2A02G547800 organism_id=4565
TraesCS2A02G567300	triticum_aestivum	gramene_homologs:AT1G77850	undecided	call failed: [NotFoundError] UniProt has no entry for gene=TraesCS2A02G567300 organism_id=4565
TraesCS2B02G578500	triticum_aestivum	gramene_homologs:AT5G37020	undecided	call failed: [NotFoundError] UniProt has no entry for gene=TraesCS2B02G578500 organism_id=4565
TraesCS2D02G548900	triticum_aestivum	gramene_homologs:AT5G37020	undecided	call failed: [NotFoundError] UniProt has no entry for gene=TraesCS2D02G548900 organism_id=4565
TraesCS3A02G159200	triticum_aestivum	gramene_homologs:AT1G34170	undecided	call failed: [NotFoundError] UniProt has no entry for gene=TraesCS3A02G159200 organism_id=4565
TraesCS3B02G190100	triticum_aestivum	gramene_homologs:AT1G34170	undecided	call failed: [NotFoundError] UniProt has no entry for gene=TraesCS3B02G190100 organism_id=4565
TraesCS3D02G166700	triticum_aestivum	gramene_homologs:AT1G34170	undecided	call failed: [NotFoundError] UniProt has no entry for gene=TraesCS3D02G166700 organism_id=4565
TraesCS7B02G065800	triticum_aestivum	gramene_homologs:AT1G19220	undecided	call failed: [NotFoundError] UniProt has no entry for gene=TraesCS7B02G065800 organism_id=4565
